timestamp,series_id,value,noise_level
2023-03-08 00:04:47.346744,series_7,7.613411858537605,0.8408201605816021
2023-03-25 15:32:43.636364,series_11,0.7489006485560572,0.0
2023-01-22 14:53:55.439636,series_7,6.5473943111018995,0.8637292697444403
2023-02-18 07:56:43.082873,series_7,5.572305865085502,0.6099541378922348
2023-02-16 14:50:40.015653,series_7,3.2645774975967354,0.7591604871168516
2023-01-10 17:43:38.505763,series_7,4.720225936013995,0.7008273309453337
2023-01-15 12:14:16.096048,series_7,1.8510771096770706,0.9977884443498694
2023-01-10 22:59:08.809704,series_7,5.297982315730194,0.4419008518971025
2023-01-18 12:08:37.553447,series_7,7.627951426543401,0.4495081645871412
2023-03-11 02:21:13.891818,series_7,5.879888909590699,0.6542028979806473
2023-02-21 22:52:36.172273,series_7,4.168395397062364,0.7749909128793482
2023-02-14 00:27:43.320442,series_7,2.0464933040899567,0.48003201127154393
2023-03-22 09:00:00.000000,series_11,8.134389951626325,0.0
2023-03-11 03:19:09.352012,series_7,6.601461862614839,0.598360290113316
2023-03-12 10:50:05.431726,series_7,8.323950230660627,0.4904764049525917
2023-03-26 08:00:00.000000,series_11,6.514117988309222,0.0
2023-03-07 21:18:41.269176,series_7,8.155453884682766,0.5717066327639472
2023-02-15 15:26:16.719194,series_7,7.953101433714669,0.9683164341460363
2023-03-18 11:48:46.719308,series_7,3.894480288362722,0.8511935234507757
2023-04-06 20:16:03.371223,series_7,0.0063336434843230816,0.9329198633000008
2023-01-28 11:59:34.393042,series_7,9.88855774330063,0.43127770829249756
2023-02-26 22:37:32.977540,series_7,1.2090921265806287,0.9652062495175793
2023-04-05 14:58:49.850594,series_7,4.880188877585724,0.7182276808875407
2023-01-03 20:21:26.326106,series_7,3.677253109994836,0.5922751998551526
2023-02-18 16:00:00.000000,series_7,5.6158884255572445,0.0
2023-01-07 15:35:03.996263,series_7,0.5737683480315303,0.4562012779374557
2023-04-03 11:01:21.317351,series_7,9.336428215347,0.5810029404416072
2023-02-25 13:25:31.065635,series_7,9.227199922088397,0.48441919005001405
2023-04-05 04:11:05.468819,series_7,8.505371501039432,0.6696628558271366
2023-02-22 15:24:55.589033,series_7,5.6423260136678355,0.890593595761078
2023-02-13 05:03:04.749939,series_7,0.27447647739424763,0.8577596560720253
2023-03-07 03:29:18.234726,series_7,3.3329516124274883,0.844145538711162
2023-01-04 17:33:17.063747,series_7,5.329091494926349,0.9454018662601098
2023-02-21 01:20:20.338983,series_7,9.737237322895709,0.0
2023-03-28 01:23:46.276558,series_7,7.2942301353710235,0.5672487771593135
2023-04-01 09:38:51.973452,series_7,7.806028940740575,0.46020975406923403
2023-03-23 14:27:16.363636,series_11,5.028305539326487,0.0
2023-01-27 23:57:33.860297,series_7,3.19437968239787,0.564806577194654
2023-03-31 01:21:54.776411,series_7,7.4398667295097285,0.6172507137150999
2023-01-08 18:03:16.789475,series_7,3.874240454954495,0.44159997105874693
2023-02-22 18:56:56.949153,series_7,8.553656677029325,0.0
2023-03-22 07:38:53.823700,series_7,2.672999318919851,0.44713238537090455
2023-02-19 23:24:24.406780,series_7,7.924221754912554,0.0
2023-03-12 15:01:19.820910,series_7,8.4659295796197,0.6900030264962183
2023-01-24 19:49:08.919894,series_7,0.7947249079461305,0.8358955121188001
2023-04-03 06:54:03.830900,series_7,2.0166948707420653,0.5779021667685031
2023-03-19 19:25:25.929687,series_7,7.096890722664291,0.789082315533981
2023-04-05 03:12:28.621115,series_7,7.627051731329001,0.6969770144531393
2023-01-05 12:04:37.093690,series_7,1.9435401056398793,0.9613601997941054
2023-02-18 00:16:29.401645,series_7,2.4933859590451677,0.7458165084436303
2023-01-03 23:54:28.566115,series_7,7.840616145370978,0.5822496373492998
2023-01-26 04:34:18.078114,series_7,1.3429166980689489,0.5601836255185026
2023-03-02 06:16:48.030559,series_7,4.272642310496063,0.8933690225050704
2023-02-21 15:54:02.793364,series_7,8.543169806209542,0.4842934994005226
2023-02-12 08:09:49.655392,series_7,9.583673176362378,0.9370296152451747
2023-01-24 19:42:10.845934,series_7,3.1535714519408486,0.7606148502500811
2023-03-20 10:43:35.533669,series_7,7.807162900424568,0.7065366149022758
2023-02-20 21:54:11.944423,series_7,5.558963050783491,0.5745326520549148
2023-01-08 20:39:07.815444,series_7,5.910728539066927,0.4254025167477535
2023-02-14 01:13:05.818698,series_7,9.364070885594488,0.813331387755456
2023-02-21 00:00:00.000000,series_7,0.21524976485346597,0.0
2023-02-20 03:15:04.116652,series_7,2.7818056334065835,0.637699218339092
2023-03-18 09:08:54.326237,series_7,0.8651740693946708,0.7902246481008645
2023-03-07 15:04:47.156329,series_7,7.596488357629941,0.5435802146242448
2023-02-18 09:21:45.814068,series_7,2.94362985808207,0.4078829860789991
2023-01-31 11:24:23.907774,series_7,1.9405080214477022,0.5791537129991502
2023-02-20 05:46:40.582169,series_7,3.710596271975249,0.7517330767175017
2023-01-08 04:31:27.640389,series_7,3.111461936500767,0.9037165990468032
2023-03-28 22:02:28.822575,series_7,2.1876924329243974,0.8058111625626201
2023-03-25 08:50:17.670328,series_7,2.865449401486914,0.6655496921842995
2023-02-24 03:54:43.880216,series_7,7.491126879723783,0.634734120095666
2023-01-21 22:53:54.339972,series_7,8.331332248683402,0.9619862279051854
2023-01-15 07:01:06.807664,series_7,3.746372343553781,0.7454740262563186
2023-03-13 15:22:30.915294,series_7,0.8213685303545848,0.48448200815327597
2023-03-22 12:26:51.007585,series_7,4.538095839622173,0.5105400791795485
2023-02-24 22:12:31.446650,series_7,0.7802627738138435,0.9383261804912066
2023-01-20 22:05:08.913742,series_7,1.9068786530246329,0.6730727562338416
2023-03-10 21:56:46.389987,series_7,4.86632975392924,0.5304043651766452
2023-01-31 22:10:25.262568,series_7,9.158325607510058,0.4478165126327619
2023-01-12 18:03:44.452029,series_7,7.087766669855103,0.8563092666045079
2023-02-18 07:55:58.860729,series_7,8.328670181222401,0.7337266464778351
2023-03-19 21:56:05.464673,series_7,9.441493376788225,0.4733270171160066
2023-03-22 17:49:35.370980,series_7,0.26929061717384184,0.8782721632756154
2023-03-17 06:22:41.622033,series_7,5.1011082403515475,0.6922343242532043
2023-03-02 15:36:45.214105,series_7,7.403175294183999,0.5894006069331418
2023-01-19 21:25:09.402576,series_7,9.31887187270521,0.9600398307567071
2023-01-03 17:30:59.427307,series_7,7.027138139032655,0.7583438864427219
2023-02-14 02:40:20.040221,series_7,1.5911515868591275,0.7603100469694253
2023-01-16 01:37:28.647561,series_7,4.564362661454252,0.40636248426109683
2023-02-02 17:31:01.535209,series_7,3.0528173412519233,0.4010021115477831
2023-01-07 21:14:03.925451,series_7,1.649830199842065,0.5260552919573755
2023-03-10 15:16:19.591587,series_7,4.156567990926585,0.5696997940363546
2023-02-24 12:33:33.559322,series_7,7.162549082953889,0.0
2023-02-19 15:05:05.084746,series_7,7.743782426968333,0.0
2023-01-08 09:24:21.671335,series_7,8.39358722008964,0.9089373523047666
2023-02-16 06:53:13.586315,series_7,5.444305668943727,0.6204699254086208
2023-01-11 04:50:32.372053,series_7,4.47380502459001,0.8044372492154452
2023-02-11 04:50:06.618047,series_7,3.1692166551790324,0.5147896952064177
2023-04-05 11:56:14.521501,series_7,0.3698069583430863,0.5476262677820314
2023-01-28 11:59:53.106505,series_7,9.243939830287506,0.962965823590282
2023-01-28 19:58:48.996355,series_7,4.938709806433907,0.5599567679817956
2023-01-18 10:53:34.093654,series_7,1.7487071793552,0.6830954374978646
2023-02-02 23:38:01.693726,series_7,8.014510929304125,0.7532536506309734
2023-01-31 19:21:36.411651,series_7,3.0794939984685765,0.44286085154094984
2023-04-05 06:16:59.856645,series_7,9.953556705968769,0.9401926920490532
2023-01-18 16:57:45.700187,series_7,0.4753880813278488,0.8995550048333598
2023-02-04 18:38:22.868709,series_7,4.110538988012164,0.8631659459231208
2023-03-23 19:35:54.982231,series_7,3.073584508767474,0.4810458003542344
2023-02-01 15:56:35.239729,series_7,2.685711142089632,0.8078294107769468
2023-02-04 14:14:36.170514,series_7,8.312419828539365,0.6470645104050661
2023-03-30 04:41:18.880872,series_7,7.11560448410091,0.5976730009997412
2023-02-07 18:05:08.662050,series_7,7.432934428713157,0.9985754758560503
2023-03-04 00:22:15.672657,series_7,1.8366536172163628,0.7741056319890967
2023-01-07 02:19:38.920604,series_7,8.702667953283003,0.5808056462906721
2023-03-14 16:05:36.147490,series_7,3.917395780462869,0.6222872809256658
2023-02-14 01:15:38.691476,series_7,2.559200081448675,0.9078697029824025
2023-01-01 12:34:57.549279,series_7,2.185584473442199,0.43543489573077915
2023-03-07 05:37:45.325165,series_7,9.943598814749725,0.4209437888584232
2023-04-10 02:56:35.051528,series_7,7.255844824913056,0.45428604835809083
2023-03-20 05:08:50.862576,series_7,8.558979686548389,0.8641005947886954
2023-02-02 01:51:39.164994,series_7,9.615265649114818,0.6510155690972191
2023-03-18 16:55:17.997004,series_7,4.431312843906635,0.48854576851130826
2023-03-08 01:22:38.864724,series_7,7.702186133244053,0.752290122312
2023-02-11 05:01:06.332755,series_7,6.048987064488175,0.43913922080905726
2023-03-12 16:51:11.867423,series_7,7.799879486234353,0.494291247677791
2023-03-19 23:08:09.193578,series_7,4.746455127715402,0.6847111911687966
2023-03-08 23:57:47.388934,series_7,9.100579765888451,0.9781917685800767
2023-02-19 10:04:04.067797,series_7,1.8682362851669883,0.0
2023-03-02 08:44:44.640756,series_7,4.007617030574502,0.8185641985261454
2023-02-21 17:19:19.322034,series_7,0.30713070605867154,0.0
2023-03-30 00:05:51.482309,series_7,4.233695423142635,0.7263219876856266
2023-01-24 17:51:47.524915,series_7,4.652699613096677,0.779932371278552
2023-02-14 23:59:13.457190,series_7,2.342387808330766,0.7810788296146303
2023-01-05 16:22:04.179087,series_7,4.174066032725784,0.6775790897718018
2023-01-12 11:08:55.290650,series_7,0.9666153875008565,0.7046601527985447
2023-03-06 22:46:25.037860,series_7,9.253578750688131,0.544379307850859
2023-01-17 22:24:41.101965,series_7,1.6750640310741627,0.6006494617515324
2023-02-19 04:29:18.258619,series_7,5.55736484618489,0.8501815727630337
2023-03-19 04:10:34.365598,series_7,3.885100023773036,0.5773063546128009
2023-02-23 03:16:16.271186,series_7,8.641245244292076,0.0
2023-02-14 13:11:59.933592,series_7,1.2976734210027197,0.7363742478444131
2023-01-22 03:57:39.904859,series_7,9.819740198790823,0.9990573042482491
2023-03-26 11:00:00.000000,series_11,0.11645663969820574,0.0
2023-04-06 05:39:57.472963,series_7,4.40121105344773,0.8274542625898395
2023-02-22 02:45:23.596417,series_7,1.3025992422739086,0.8440611026258948
2023-03-07 20:33:16.591257,series_7,3.1795568155875453,0.9803648227848454
2023-03-30 17:32:15.424405,series_7,8.989166685000233,0.5464151518343189
2023-03-20 04:48:34.030219,series_7,0.5353230252372021,0.699643990216781
2023-02-25 15:21:53.087629,series_7,3.408897709800275,0.6966433139159487
2023-03-03 02:20:21.938146,series_7,8.76639737317128,0.8847293450144558
2023-02-17 08:23:27.833688,series_7,4.753241551819744,0.7575359534176481
2023-03-21 04:52:25.071599,series_7,4.0613407750855774,0.6190199056864047
2023-03-18 16:50:57.757682,series_7,6.609241563164153,0.7909993464404405
2023-01-14 20:29:20.801583,series_7,8.592283130815023,0.6557907894748143
2023-02-17 01:01:57.280194,series_7,8.151958443015545,0.650533937379614
2023-02-25 17:29:22.564579,series_7,5.1065362374426275,0.46945154556438246
2023-01-05 05:38:19.463434,series_7,2.0423921060609374,0.4226954547619099
2023-01-16 02:33:26.004373,series_7,2.2659039966458163,0.847751732869759
2023-03-26 06:00:00.000000,series_11,7.314010222473337,0.0
2023-03-26 15:31:05.678862,series_7,7.966572113520324,0.7254043170505073
2023-03-21 13:18:33.939130,series_7,9.331686070464254,0.8728493096439454
2023-01-31 00:56:08.310356,series_7,9.46368934964197,0.8827419968187068
2023-01-15 08:05:09.297040,series_7,1.4754718893310714,0.5082767124361828
2023-03-14 18:42:31.860937,series_7,4.364081871220468,0.552588866700717
2023-01-21 06:49:28.628435,series_7,7.494830715514831,0.4971816086911126
2023-02-03 00:12:03.709597,series_7,1.2328648512239004,0.8794208681999854
2023-01-20 02:21:50.738187,series_7,6.252260451172664,0.5315411668716573
2023-02-05 06:58:55.253974,series_7,7.509310227854041,0.6296005270756853
2023-02-01 10:34:23.351685,series_7,0.6039802174076203,0.6662852778595111
2023-02-13 14:01:40.468793,series_7,7.336718879955341,0.6004323403681552
2023-03-15 11:28:06.823304,series_7,5.627375556905616,0.961272600707989
2023-01-11 12:30:27.720070,series_7,3.8322765525745073,0.5569313657747041
2023-03-23 22:10:54.545455,series_11,5.297768218687106,0.0
2023-03-16 23:58:56.164405,series_7,4.2734288486869225,0.9180729610211307
2023-01-22 23:16:06.216236,series_7,7.9732346743148845,0.5819856930216307
2023-02-03 06:45:44.614713,series_7,4.737832166081998,0.6606227053626301
2023-03-24 06:14:56.756647,series_7,2.254152493593984,0.8534154555667792
2023-03-25 08:05:27.272727,series_11,9.83243466266367,0.0
2023-01-06 05:49:46.267303,series_7,0.6204843687143025,0.6279829031198928
2023-03-01 19:56:20.195708,series_7,8.483690627064103,0.8300483503726583
2023-03-24 18:38:30.980025,series_7,7.577474360037597,0.6926621764177221
2023-01-05 03:50:29.340109,series_7,0.07542058940198992,0.6103473080692775
2023-02-17 13:26:32.892356,series_7,1.8037184681750484,0.6088686372770653
2023-03-01 19:29:09.279403,series_7,8.488793592796906,0.49313458806323895
2023-01-30 12:10:20.449192,series_7,8.899802156704904,0.4293824792188971
2023-01-11 01:38:34.246830,series_7,7.671199565991173,0.7496648827402852
2023-01-06 21:23:05.574483,series_7,3.7295470253998273,0.7886586816771788
2023-03-08 14:42:10.316413,series_7,0.616930375198983,0.8692555702215221
2023-01-07 07:02:52.313902,series_7,0.491656497435915,0.6158292587781259
2023-03-23 14:54:32.727273,series_11,3.3344342821885817,0.0
2023-01-19 02:37:48.921811,series_7,9.995931299663374,0.8303884655539631
2023-01-25 23:55:55.414270,series_7,1.651339318632995,0.8626146350940197
2023-01-30 15:13:41.261357,series_7,7.52325770101213,0.48940633004482303
2023-03-16 05:37:58.574246,series_7,0.37417187108198524,0.5281532815987917
2023-02-26 15:39:08.838952,series_7,3.6279215201954775,0.5646093121120124
2023-02-22 12:17:17.288136,series_7,0.8535944038207137,0.0
2023-02-13 02:48:36.776391,series_7,8.394079375441276,0.46791452015485663
2023-03-26 01:16:21.818182,series_11,0.2157334747532594,0.0
2023-03-26 04:16:21.818182,series_11,5.071388491124906,0.0
2023-02-21 09:39:39.661017,series_7,9.817481701085518,0.0
2023-03-01 21:25:54.420513,series_7,7.569599273586908,0.6209650160371334
2023-02-20 08:41:41.694915,series_7,9.21905241581145,0.0
2023-03-16 07:03:01.300837,series_7,4.052923707853035,0.44666975612921667
2023-02-03 22:49:41.302823,series_7,8.271029954623621,0.9640051835911491
2023-01-24 21:14:47.787121,series_7,5.20230976795601,0.7549902167159164
2023-01-15 01:25:15.320385,series_7,2.3520053424148935,0.5127547073160221
2023-02-17 12:12:37.573533,series_7,2.3666626274020377,0.8512985616754595
2023-03-18 18:39:09.078056,series_7,9.173683268867714,0.9822298518200736
2023-03-24 22:31:16.413639,series_7,2.130582274848498,0.7571133877886929
2023-01-23 04:49:19.572719,series_7,7.848632028002599,0.5889608358189018
2023-03-27 00:25:30.879847,series_7,7.241833708960062,0.6533519758757311
2023-04-01 19:54:44.388109,series_7,9.384874130918076,0.44525074370288664
2023-02-24 17:00:00.000000,series_7,6.382745045929407,0.0
2023-02-23 02:37:50.502032,series_7,0.5141663561241572,0.6159207935667332
2023-02-23 07:15:15.254237,series_7,2.254146771335252,0.0
2023-03-19 20:14:40.869278,series_7,8.088090153911654,0.4863538138821939
2023-03-20 22:42:06.834681,series_7,8.91810764863757,0.44835763596805317
2023-03-18 01:35:16.948798,series_7,6.373846333778705,0.8359343460738109
2023-01-16 01:20:40.461849,series_7,1.153489885715232,0.5388409753909802
2023-04-04 16:33:09.345240,series_7,3.624555996853923,0.8078725027976741
2023-01-20 10:26:54.704192,series_7,0.20706021811243813,0.6348208851449814
2023-01-31 14:18:24.440521,series_7,2.0331440377158527,0.7783509442272742
2023-03-18 14:17:01.691707,series_7,2.0659934076603026,0.4182769472539675
2023-03-12 01:16:21.629385,series_7,4.6168617687816305,0.6631214482098551
2023-01-07 03:06:43.870103,series_7,0.48673399972932074,0.8197884516960239
2023-03-22 06:00:00.000000,series_11,5.458426117208341,0.0
2023-03-08 01:03:37.144064,series_7,5.882244083064898,0.7274654874791021
2023-01-10 21:42:53.077182,series_7,5.709620803220318,0.8992345845099379
2023-02-21 20:15:58.699723,series_7,2.494240666968719,0.9656010330091072
2023-03-22 07:00:00.000000,series_11,6.363397949225375,0.0
2023-01-21 10:02:00.189690,series_7,3.6171443013107742,0.673405218977891
2023-03-31 03:08:11.034358,series_7,1.0945096763497297,0.6248407795942436
2023-03-13 21:46:15.283424,series_7,6.822618680464946,0.4401061860498023
2023-01-08 20:45:06.386828,series_7,4.6211882544434255,0.5625456196139221
2023-03-10 00:06:28.762456,series_7,0.14729820312860076,0.7227809310974009
2023-01-29 16:43:03.975100,series_7,5.4835830012366475,0.7699929507642416
2023-04-06 13:43:00.293681,series_7,3.31211154178641,0.8855584822201719
2023-04-05 15:16:12.202227,series_7,3.356924773668023,0.9450623302058018
2023-01-17 10:52:59.289197,series_7,8.371339899686417,0.6703587153525852
2023-02-14 15:17:22.853855,series_7,8.54281299849496,0.7209265831565796
2023-04-05 05:44:44.775765,series_7,4.252237557290982,0.48634566279179703
2023-02-04 10:40:48.827701,series_7,0.8991666984378122,0.6394739201421428
2023-02-22 05:46:31.568545,series_7,9.39714883067278,0.7716778355904224
2023-04-05 17:38:18.574064,series_7,7.0541433767598525,0.7078612844022614
2023-04-03 17:22:24.784674,series_7,6.7858407197904,0.49975988460020204
2023-01-27 19:41:21.534671,series_7,9.12846026196508,0.6498726749587307
2023-02-28 14:09:17.644371,series_7,9.002483877260294,0.9984506556786577
2023-03-24 13:38:10.909091,series_11,4.947000717478592,0.0
2023-01-04 04:23:14.826967,series_7,8.24304524875514,0.5954210626277776
2023-03-22 06:47:01.170456,series_7,6.917629637635273,0.4564424064390228
2023-03-06 03:22:12.384007,series_7,3.5798423329905837,0.43746983558714997
2023-01-21 01:01:32.309094,series_7,2.4510285012593602,0.8296720030457824
2023-03-31 14:14:25.819964,series_7,1.043438080038368,0.9910018053296226
2023-04-02 05:57:02.078826,series_7,4.206839415165488,0.6433403162469162
2023-03-28 11:04:32.919006,series_7,5.257929057455697,0.40226357322643364
2023-01-14 15:44:14.134777,series_7,7.50750311558646,0.5712806272398644
2023-03-27 09:34:32.339932,series_7,4.3203896797204235,0.8885197620386613
2023-02-15 00:38:00.882476,series_7,7.252772772146702,0.4683213880238729
2023-02-24 16:00:00.000000,series_7,6.803370406085528,0.0
2023-01-26 01:43:19.240293,series_7,8.434398845373185,0.6318081876825284
2023-01-21 19:27:33.628266,series_7,8.752014725543331,0.9509443575874054
2023-04-10 02:02:35.129819,series_7,9.584146025193762,0.9210143469611315
2023-03-10 04:40:30.969450,series_7,8.205670558502945,0.6332725635271814
2023-01-31 14:47:21.705485,series_7,2.534306765147699,0.8895745814056675
2023-04-06 18:55:21.183538,series_7,3.721303216189619,0.9457635322561048
2023-04-05 21:43:16.785501,series_7,6.000287488067848,0.6319844906384907
2023-03-07 16:30:12.071522,series_7,7.786413823041897,0.5106985907041063
2023-01-30 09:47:38.992165,series_7,4.382285536741595,0.5277903896579658
2023-02-17 10:06:19.352466,series_7,8.935141860608644,0.6611278849413986
2023-03-24 10:21:49.090909,series_11,2.0340024522894846,0.0
2023-02-09 08:22:50.958582,series_7,5.5677083339588265,0.47053923328729286
2023-03-14 03:00:24.678905,series_7,9.817226202641193,0.9246449406190049
2023-04-09 08:10:41.956864,series_7,2.837394745335091,0.42535526235241083
2023-02-18 21:00:38.315639,series_7,1.6870395425855889,0.5552185834010296
2023-04-07 03:04:45.758958,series_7,4.108816203141536,0.5028330246353803
2023-02-12 09:04:10.667299,series_7,6.134857966798562,0.9797993849090408
2023-02-21 17:58:58.983051,series_7,9.603635216203738,0.0
2023-03-16 22:01:07.751949,series_7,7.181502134062184,0.44364764481622354
2023-01-28 08:48:17.808755,series_7,1.1659724332834387,0.4527006478020535
2023-01-19 23:05:05.193479,series_7,4.764875167338358,0.6842546091774646
2023-01-07 01:20:02.631955,series_7,1.7828180459423693,0.9757058792804776
2023-03-04 08:19:14.553725,series_7,2.679314569075255,0.5269206213046562
2023-02-23 12:56:11.608547,series_7,4.583294122554693,0.45240616921604215
2023-02-09 09:33:48.342860,series_7,2.3271745404249233,0.59888219489226
2023-02-23 11:35:35.593220,series_7,8.249657291134994,0.0
2023-01-18 14:39:01.069741,series_7,9.449675213572101,0.9070314975636257
2023-02-08 13:01:26.651906,series_7,8.993746354959946,0.5678410961271517
2023-04-05 00:48:23.010483,series_7,2.1905971694294624,0.7529237934658302
2023-01-13 13:17:18.243905,series_7,6.651132623830333,0.4107680883850596
2023-03-24 20:05:27.272727,series_11,1.763571581723766,0.0
2023-03-22 11:00:00.000000,series_11,10.164677512609503,0.0
2023-02-24 04:14:14.237288,series_7,7.4735195058264665,0.0
2023-03-15 03:12:28.834976,series_7,5.348243641585046,0.4076913358911394
2023-03-23 05:15:39.803885,series_7,7.803312453768287,0.689050342131204
2023-03-21 23:41:00.434910,series_7,1.7971714916921278,0.6367859344146919
2023-03-26 11:00:00.000000,series_11,5.101783264655986,0.0
2023-04-07 10:20:47.517502,series_7,6.276953857059855,0.5357965020549338
2023-01-30 17:30:55.839911,series_7,5.495222815878069,0.9482974280464709
2023-01-21 17:57:19.827298,series_7,8.846324485038119,0.5090196476452277
2023-01-08 22:03:02.907277,series_7,8.665993459371945,0.6037682537382079
2023-02-13 10:48:10.005465,series_7,2.716597184927416,0.8418497088776471
2023-02-27 04:00:57.420965,series_7,9.018628349921073,0.955136790630079
2023-02-24 04:52:34.033731,series_7,6.091221630515148,0.4619469222000752
2023-03-22 04:58:48.480753,series_7,3.863720751334916,0.9630591255617778
2023-03-16 23:14:38.503825,series_7,4.593080554976349,0.6404094641471664
2023-01-04 11:19:29.985561,series_7,9.703314036035863,0.6411007194111029
2023-03-02 21:51:17.823723,series_7,4.9084122578197595,0.6047168130948387
2023-01-22 12:10:51.875439,series_7,6.390415136730271,0.8644236901213254
2023-03-31 13:48:04.029084,series_7,4.328004778341099,0.7471833982341007
2023-02-26 13:58:15.999423,series_7,4.190827371215987,0.988156711244784
2023-02-16 22:22:08.643953,series_7,5.682287255762212,0.70052543872389
2023-03-19 17:03:05.062636,series_7,7.120474369045206,0.9644579243030005
2023-03-19 18:26:17.686380,series_7,3.142497921720071,0.9733148250305889
2023-02-14 12:59:11.207384,series_7,5.737220824937146,0.9277338732518123
2023-01-28 18:05:23.587349,series_7,6.115200422824985,0.6041118525045324
2023-02-22 05:57:57.966102,series_7,0.7390237702389061,0.0
2023-02-22 10:33:12.521118,series_7,9.228874216396735,0.8979401548068375
2023-03-23 11:12:21.912485,series_7,3.9812050050396355,0.7314750138394573
2023-02-20 19:30:26.103819,series_7,9.755835069050573,0.5094411345701425
2023-03-09 04:06:19.974268,series_7,4.3369938663687595,0.9585709400680685
2023-01-09 08:42:36.670446,series_7,8.408201768347617,0.9225341288672986
2023-03-22 02:00:00.000000,series_11,1.747808259627492,0.0
2023-01-07 13:07:45.263027,series_7,3.3212774390467126,0.431320849063009
2023-02-22 22:11:30.822263,series_7,2.984296925605002,0.400204485639013
2023-02-23 04:44:02.730516,series_7,3.5230662436974725,0.9958240542859754
2023-01-24 10:27:36.630653,series_7,3.5837519548637586,0.6644181436269084
2023-01-14 07:36:54.688127,series_7,2.679785790736673,0.43566008960472713
2023-04-01 14:08:29.863910,series_7,9.393251151667826,0.821528538168697
2023-01-03 11:48:37.691325,series_7,4.252620395676546,0.9444923523088516
2023-03-18 18:26:21.284048,series_7,3.357082468946604,0.9913938292540595
2023-02-14 16:53:37.211885,series_7,4.137705115477349,0.5000196689929598
2023-03-12 16:28:06.968634,series_7,1.9226608220778008,0.8082025233114841
2023-02-18 14:00:00.000000,series_7,4.768746609295841,0.0
2023-02-04 17:51:06.486662,series_7,3.322764781086769,0.6008004637750621
2023-03-30 21:18:53.154471,series_7,0.24250177756781732,0.4812607425426706
2023-01-05 14:10:30.960561,series_7,8.961219255452452,0.5801144470491295
2023-04-11 04:48:16.046115,series_7,4.279797590682129,0.8468497142024132
2023-01-15 06:56:48.474116,series_7,7.678870877891376,0.8787970510352963
2023-01-05 02:47:38.014088,series_7,7.777389111799309,0.5700892708767065
2023-03-21 11:47:25.815150,series_7,3.062358300867436,0.9064458458018452
2023-02-19 06:45:45.762712,series_7,7.232674591285793,0.0
2023-01-21 06:36:24.816265,series_7,7.328794241967214,0.5147097127943423
2023-02-25 14:05:27.156245,series_7,2.677132300579874,0.6478966719401706
2023-03-19 11:22:20.881138,series_7,9.81255714502704,0.5861084444009466
2023-04-04 05:09:21.726618,series_7,5.144492970847097,0.5939239855021208
2023-02-02 07:32:08.076342,series_7,7.651102207013332,0.5046947091470397
2023-02-03 17:02:24.982163,series_7,4.325353029956666,0.5560491669197067
2023-01-30 03:17:32.777308,series_7,2.56500057807182,0.8906576042626224
2023-02-21 11:00:00.000000,series_7,0.11087313872972722,0.0
2023-03-26 05:00:00.000000,series_11,7.83086869371733,0.0
2023-01-06 21:46:17.541095,series_7,7.48300676124932,0.4265813644576144
2023-04-02 22:40:30.532495,series_7,2.7455766287349226,0.45024458719199334
2023-02-04 18:47:29.506701,series_7,5.414435788250543,0.80561761935941
2023-03-16 15:42:28.123344,series_7,0.7123680175580405,0.7123420123046118
2023-02-22 10:28:03.923269,series_7,3.957684117046303,0.7596297640200522
2023-01-06 21:56:32.957700,series_7,3.97247769997104,0.7668217952179404
2023-03-23 05:10:54.545455,series_11,3.774040967676134,0.0
2023-01-15 03:23:14.967463,series_7,6.126368106342504,0.7251038403585625
2023-01-20 15:01:30.090837,series_7,6.316853728732848,0.47633862658653503
2023-03-14 14:40:55.319486,series_7,0.45846093282027045,0.5895240992385442
2023-03-26 02:00:00.000000,series_11,8.870552707997264,0.0
2023-01-29 05:49:36.919150,series_7,6.946901588127759,0.8645372610059954
2023-01-19 07:47:14.043048,series_7,5.510728352934943,0.6818340600124722
2023-02-08 13:56:57.304707,series_7,4.316364372520733,0.5342829406926091
2023-02-20 05:53:07.858779,series_7,3.8709507488790527,0.9557251463460044
2023-03-03 08:14:29.834447,series_7,3.5402378246531,0.9638617741057511
2023-03-22 00:00:00.000000,series_11,4.950265964566163,0.0
2023-01-08 16:20:40.778547,series_7,1.6908718149299262,0.8227815489243764
2023-01-16 19:06:48.218551,series_7,1.367956942491254,0.8530531952498206
2023-01-07 10:43:15.054437,series_7,1.938963541265596,0.413988848237076
2023-03-01 12:01:21.047252,series_7,8.924005756368459,0.805106622227626
2023-03-15 00:05:26.535252,series_7,7.687644001991002,0.6891613779796346
2023-01-06 03:55:38.661203,series_7,5.276395211180053,0.8975603104315519
2023-02-19 16:19:28.276284,series_7,1.4739832267205988,0.9081789877463469
2023-03-04 01:09:17.861382,series_7,1.7562279627481336,0.8200492429466225
2023-03-23 02:50:10.743983,series_7,7.8191133298710795,0.811863676529545
2023-04-08 12:50:58.777952,series_7,3.411026416067066,0.5577902201632767
2023-03-09 23:08:39.230381,series_7,6.5345415281505845,0.9147866533526982
2023-02-18 17:00:00.000000,series_7,5.353464223334807,0.0
2023-01-13 12:27:30.836462,series_7,3.41135718369151,0.601592572568964
2023-02-20 08:19:35.089722,series_7,6.4339052749187156,0.4129537591221312
2023-03-14 06:05:04.838988,series_7,1.6557620474396118,0.9343450224859541
2023-01-30 18:23:50.480743,series_7,1.045554427064963,0.4741142847006075
2023-01-09 18:38:37.915954,series_7,4.112430214375625,0.5770709626287198
2023-02-19 16:03:03.050847,series_7,8.289870731187433,0.0
2023-03-04 13:31:35.870791,series_7,6.3582446361134,0.9379067140404007
2023-04-06 03:32:41.392281,series_7,8.839341894715226,0.7331971153714099
2023-02-11 06:05:14.963050,series_7,2.045797147023398,0.4773566596368253
2023-02-05 09:56:27.092658,series_7,4.058011656897111,0.5439360588112112
2023-03-24 21:21:49.090909,series_11,4.905071656926901,0.0
2023-03-02 02:31:10.193712,series_7,6.827257486618466,0.7287189553362938
2023-03-18 03:06:51.821411,series_7,5.058023031493218,0.9024282670699106
2023-04-06 09:44:14.487550,series_7,2.061993755905691,0.9246408800535454
2023-01-25 12:43:46.208792,series_7,1.0866396207028428,0.9939413214292732
2023-01-01 10:51:06.821691,series_7,9.703728355244284,0.43199388264718597
2023-03-27 08:39:38.336521,series_7,2.7984868423271037,0.91388244508625
2023-04-01 17:04:55.935281,series_7,3.320076278295583,0.9512519550767494
2023-03-25 05:05:27.272727,series_11,5.099155175094331,0.0
2023-01-14 15:51:09.502710,series_7,1.5775969030390724,0.611525955852418
2023-01-06 14:34:30.182759,series_7,7.762482216045022,0.9000487367645646
2023-03-21 10:17:38.213983,series_7,5.826984395056829,0.4031451008358664
2023-03-22 09:43:38.181818,series_11,4.3762411910612835,0.0
2023-02-12 08:50:50.796093,series_7,8.214908339835995,0.8422513162279264
2023-03-13 06:15:32.932404,series_7,9.415286242794137,0.41936876603413054
2023-01-06 04:57:57.244801,series_7,0.10988206852654447,0.7116515737508569
2023-03-11 05:27:38.155783,series_7,4.706655881413032,0.45070295575322833
2023-01-13 06:27:35.299085,series_7,8.158521090724701,0.981812862992467
2023-01-06 20:58:37.453709,series_7,4.04336009574658,0.5854036875939421
2023-01-05 22:16:58.792092,series_7,0.46810763764383534,0.5540490185718858
2023-03-02 11:59:36.477352,series_7,2.3036566857940857,0.6085661327145945
2023-03-27 12:50:51.706603,series_7,1.8374681426397943,0.8115890042732685
2023-02-21 22:39:25.970481,series_7,2.3554091450353756,0.5132766661352681
2023-01-21 08:09:34.501753,series_7,2.3944825607199727,0.8000658131779275
2023-02-07 06:50:45.498516,series_7,3.06728620277662,0.6028146510320512
2023-03-03 04:46:23.606307,series_7,9.436833991519935,0.5958489790515544
2023-02-03 21:31:35.843676,series_7,7.199100179432687,0.5659395324716605
2023-01-25 14:47:25.149052,series_7,2.9673050120174125,0.6756038779312752
2023-01-31 07:42:01.425061,series_7,7.0710928567948,0.6570527010344405
2023-02-19 00:01:20.232568,series_7,8.42364050354561,0.8561763492892961
2023-02-17 05:14:44.600969,series_7,3.4617166331553806,0.5990883412070281
2023-01-24 21:40:23.305866,series_7,8.863857044607188,0.8381757996477885
2023-02-21 19:43:02.053192,series_7,7.392459959808738,0.8295776281849803
2023-03-26 23:00:00.000000,series_11,10.04219512459895,0.0
2023-02-06 21:45:23.710154,series_7,2.6315005483557607,0.9102228395640143
2023-02-10 22:17:46.460849,series_7,1.5409892759228938,0.919799239501338
2023-02-05 07:42:03.826108,series_7,9.656404679709603,0.5882052896496651
2023-02-11 11:12:37.032428,series_7,3.0465848961744637,0.5169141961305861
2023-03-17 22:37:53.840481,series_7,0.49947509819665226,0.5197851115190452
2023-04-01 18:19:27.692671,series_7,7.9003599943423755,0.4635578915588154
2023-01-15 22:54:23.035480,series_7,9.969936321720569,0.4866522959916572
2023-01-09 19:01:29.897160,series_7,1.519978262517242,0.5473324850991116
2023-02-15 21:45:31.768877,series_7,7.882580255318212,0.9120801477564232
2023-01-21 00:07:47.674233,series_7,0.3879347546945855,0.6032095893873715
2023-03-28 05:35:13.400943,series_7,6.550277386126445,0.7582028666434946
2023-02-04 03:03:15.804616,series_7,0.0513109494823738,0.5267422387772868
2023-01-06 12:18:42.200547,series_7,5.968638062648481,0.7527318074362674
2023-02-23 16:26:31.231163,series_7,2.1729542370291997,0.45384827764609453
2023-04-08 21:43:09.511952,series_7,0.7049912569672312,0.7944138833565388
2023-02-05 18:29:15.855866,series_7,3.042759517783563,0.5205297703717441
2023-02-16 06:38:58.998228,series_7,9.08843262909629,0.5231536724247602
2023-03-31 08:01:02.667036,series_7,1.70848804316181,0.4626172769299795
2023-03-01 01:27:48.987636,series_7,8.89919609474534,0.8439983043269954
2023-03-28 23:44:28.806839,series_7,9.621134932042576,0.8000363015479927
2023-03-20 22:56:59.220672,series_7,5.867218247049898,0.6777861092974367
2023-03-19 05:49:42.029767,series_7,5.213685469902028,0.7386748506355341
2023-02-09 08:33:51.116780,series_7,5.909495338295495,0.9102117044506381
2023-03-26 02:52:19.102999,series_7,8.13405065537003,0.5778818514965699
2023-02-17 18:15:51.756085,series_7,0.17631628527005838,0.48113016444614
2023-02-17 07:34:50.969286,series_7,1.6915653933217523,0.663024299078244
2023-03-22 00:00:00.000000,series_11,-0.3732934993863894,0.0
2023-01-01 08:38:40.935190,series_7,6.997991501035016,0.6473165753780384
2023-02-03 04:28:40.473193,series_7,8.910164768045858,0.40485518077201643
2023-02-21 23:38:38.644068,series_7,0.6172931375853369,0.0
2023-02-02 13:34:29.466265,series_7,9.378884522184073,0.9724979528159962
2023-03-22 08:00:00.000000,series_11,7.264879306157551,0.0
2023-04-06 21:00:06.973975,series_7,9.487804882790623,0.6440292375004455
2023-03-24 05:54:32.727273,series_11,5.157723104982674,0.0
2023-03-06 22:53:35.890966,series_7,5.657130170011422,0.7792671678159553
2023-03-24 00:38:10.909091,series_11,2.5984881910345226,0.0
2023-03-03 06:42:28.517670,series_7,5.654209606516596,0.5273901593591797
2023-03-26 12:00:00.000000,series_11,5.347048822393246,0.0
2023-03-24 22:21:49.090909,series_11,9.926763766240331,0.0
2023-02-23 19:53:53.898305,series_7,2.7753515661322745,0.0
2023-01-05 09:46:10.087626,series_7,2.2956667206489656,0.5052675656676282
2023-02-06 16:30:42.025070,series_7,2.710617074019286,0.4290483181462325
2023-04-04 12:10:08.160601,series_7,2.2136663367865195,0.7703892944532176
2023-02-24 22:00:00.000000,series_7,4.285859030569567,0.0
2023-01-30 17:02:03.971737,series_7,0.3917574141765623,0.944814352224869
2023-02-27 16:56:25.120000,series_7,2.854521839934984,0.805545736780831
2023-01-05 02:47:36.241778,series_7,9.259731631943955,0.6673477587687363
2023-01-17 08:09:44.896537,series_7,7.499416621861716,0.5620946742687345
2023-03-25 00:01:41.997730,series_7,4.542661364138073,0.8896708794963886
2023-03-08 07:21:54.915197,series_7,8.033249951147157,0.6993974217525831
2023-03-08 03:25:11.893608,series_7,1.2192096917190554,0.8366174355741791
2023-01-13 14:03:42.904201,series_7,1.3680190678925308,0.44768272672083953
2023-01-12 01:20:58.242092,series_7,4.4489801004325855,0.4598911317952746
2023-02-22 18:36:36.610169,series_7,1.3321894559670495,0.0
2023-02-08 18:47:06.609400,series_7,5.011364330141419,0.7791522796920347
2023-02-06 11:32:39.542628,series_7,2.48351872086489,0.9936806443325495
2023-04-07 13:38:32.225976,series_7,8.430002455485702,0.9946766119066154
2023-02-12 08:27:18.632574,series_7,6.744388768603883,0.8379101570876142
2023-04-02 02:39:31.309053,series_7,3.255618695673869,0.524179753161973
2023-03-23 06:43:38.181818,series_11,4.954420166049373,0.0
2023-02-05 05:00:39.787994,series_7,9.183587690354601,0.6707904689008353
2023-02-19 21:37:32.344073,series_7,3.126392302392327,0.4151220519406337
2023-01-10 08:43:19.365758,series_7,3.3411997262331417,0.899903436681589
2023-02-03 07:43:36.799053,series_7,9.599424202668605,0.6272553488006007
2023-02-23 14:48:35.653021,series_7,0.7426415188810842,0.9341715257748682
2023-02-14 16:46:26.176122,series_7,9.660100853738308,0.41280497859051046
2023-03-04 22:23:39.449025,series_7,2.4389344549233405,0.5888347906513243
2023-02-27 09:28:26.130982,series_7,6.535115056348965,0.9690542711617723
2023-04-01 06:53:05.294462,series_7,9.624785961385387,0.7631916035512027
2023-01-31 19:43:58.524084,series_7,3.2425250594976407,0.4158987000743737
2023-03-30 17:57:55.791256,series_7,9.145567117682049,0.6791280557836905
2023-02-19 03:44:44.745763,series_7,2.2734102106444274,0.0
2023-03-26 10:00:00.000000,series_11,5.317990090738847,0.0
2023-03-05 20:14:28.336303,series_7,7.506563553547406,0.8653810456653982
2023-01-07 20:33:36.909572,series_7,2.5294759796922497,0.6016953184056092
2023-03-22 01:00:00.000000,series_11,0.6910909626438634,0.0
2023-02-19 17:44:40.789941,series_7,4.929046515463789,0.6669971676250034
2023-02-13 07:47:22.920308,series_7,6.572098924703732,0.9856844372296729
2023-01-31 01:25:31.273588,series_7,0.765118994914441,0.8641420885745932
2023-04-08 22:45:56.675482,series_7,4.612058501763634,0.7939502687990609
2023-01-30 03:42:20.623643,series_7,5.6450822510622665,0.6892185446476606
2023-04-06 00:08:40.758249,series_7,3.9261909959635712,0.6548533198314122
2023-02-22 10:37:37.627119,series_7,8.902662622902367,0.0
2023-04-08 19:26:47.307522,series_7,2.462817855453736,0.42126047667857863
2023-02-19 07:43:43.728814,series_7,8.338174182921398,0.0
2023-01-27 15:47:21.974900,series_7,1.1413575464770132,0.4358240458268721
2023-03-04 05:36:18.785731,series_7,2.042253732082396,0.7038830182420341
2023-03-30 04:41:32.382752,series_7,7.498334946535956,0.7013552654737938
2023-04-01 05:00:26.970545,series_7,7.303148573458758,0.6275838407542237
2023-02-08 01:25:15.960400,series_7,6.848058424181046,0.5576230875906654
2023-04-10 00:51:43.532849,series_7,8.423962046219268,0.9914658195830963
2023-01-20 14:59:23.261509,series_7,5.591728950917091,0.5883400123499619
2023-01-31 20:38:57.187281,series_7,2.881050305367766,0.7664596886856601
2023-03-30 13:20:51.606978,series_7,3.6352371595255994,0.8047687702735772
2023-03-05 09:46:44.464589,series_7,8.721020532086298,0.5632459859176221
2023-03-18 11:48:45.614721,series_7,9.247000487248943,0.4768114508531522
2023-01-31 19:49:35.979819,series_7,5.371322637594876,0.7145708659541201
2023-03-19 04:29:03.650962,series_7,4.908930838228331,0.7966977138170794
2023-01-26 04:27:15.765031,series_7,8.101381101088872,0.40705090093779395
2023-01-18 01:15:10.812514,series_7,9.559046843594079,0.5896599656910497
2023-03-30 23:14:58.294979,series_7,7.231305856902867,0.8058680226742018
2023-04-06 10:19:23.243080,series_7,5.319414382159845,0.7389516156183866
2023-02-13 21:30:51.261422,series_7,0.5041668215230855,0.6223343357439395
2023-02-28 23:25:15.859804,series_7,4.352412043844172,0.763143850151732
2023-03-16 23:24:00.677546,series_7,7.840476575215337,0.5212103579580067
2023-03-07 03:50:44.662723,series_7,0.4809962655290789,0.8870932062279576
2023-02-23 15:07:20.318971,series_7,2.2981881225575007,0.7879887122245073
2023-02-08 03:22:35.220740,series_7,2.0000820875230483,0.94755675819685
2023-01-29 02:53:43.189644,series_7,9.40825883433942,0.44436813264718183
2023-01-23 04:49:33.289449,series_7,4.795052741129827,0.6233775786730297
2023-02-19 22:42:42.711864,series_7,1.03913453066551,0.0
2023-03-26 03:32:43.636364,series_11,10.216118333819974,0.0
2023-03-10 00:21:44.524366,series_7,7.99339077868099,0.7496589228212124
2023-02-14 03:24:13.267445,series_7,5.017893891523297,0.754003920057978
2023-01-20 02:50:15.837976,series_7,4.984269363594523,0.9033645120193424
2023-04-01 04:25:38.565717,series_7,1.5075340545805438,0.5580810245226728
2023-02-01 15:36:38.783771,series_7,2.9583474048295733,0.4335572328785995
2023-01-18 07:39:16.353996,series_7,5.602527612794997,0.44101036392592596
2023-02-24 00:00:00.000000,series_7,3.6647007320112204,0.0
2023-01-24 15:40:23.562595,series_7,5.310226565378121,0.4692668397231755
2023-02-19 14:33:38.390895,series_7,8.63955570784024,0.577181326484357
2023-02-21 14:58:39.204837,series_7,4.1270745818891506,0.5573447490552921
2023-03-02 20:30:31.412767,series_7,4.516159145323436,0.5080367473673953
2023-01-07 03:25:56.293604,series_7,8.528181880112182,0.6766769172653473
2023-02-05 06:09:59.382765,series_7,8.703895385307241,0.5775256807845329
2023-01-24 18:01:05.180161,series_7,3.755152194198205,0.9779671675918704
2023-03-20 07:55:58.814670,series_7,3.1657572629593833,0.7579125441750116
2023-01-09 00:13:18.537995,series_7,6.293659550247841,0.9404523397315732
2023-02-22 04:23:13.833181,series_7,1.158458511164715,0.5522188487911134
2023-02-06 12:48:59.804675,series_7,2.7632209621602266,0.4506138799037595
2023-04-11 16:24:09.039722,series_7,4.028167666150547,0.9891469152465916
2023-01-16 19:03:48.405758,series_7,2.554589409297935,0.9373792293511786
2023-02-09 00:30:41.329789,series_7,0.3493241057509666,0.6958436089664557
2023-02-25 15:42:40.228452,series_7,1.509519275221024,0.8350055573470544
2023-03-20 20:34:27.851326,series_7,5.793847084548198,0.42463921801770643
2023-03-15 00:57:05.715799,series_7,4.957802716713196,0.8617799743771326
2023-02-19 15:56:00.525733,series_7,6.813769923122762,0.8665086551429902
2023-01-16 09:23:07.341417,series_7,6.706377893000665,0.9405221463829492
2023-02-27 21:19:43.585114,series_7,2.5187907996374257,0.8787542780076061
2023-01-23 09:09:53.781489,series_7,5.536559837903127,0.6743774990192426
2023-03-12 11:11:21.147807,series_7,7.685009848076269,0.4308875070567765
2023-04-11 17:28:53.557156,series_7,3.727639978255789,0.926557444265933
2023-04-09 01:43:35.000021,series_7,3.964206482573873,0.8046595284784595
2023-02-25 15:15:28.672660,series_7,2.2903520627890286,0.7783734739980366
2023-02-26 07:20:14.494047,series_7,2.779648951021664,0.8305243462088843
2023-03-13 13:39:08.052719,series_7,2.227029287630946,0.6008154314858641
2023-03-22 12:00:00.000000,series_11,10.00344231209939,0.0
2023-01-03 11:47:39.179695,series_7,4.504837519703284,0.7407236906981989
2023-03-25 23:07:13.930533,series_7,4.939319638563982,0.4659328249611769
2023-02-07 03:25:21.904250,series_7,3.266041216871179,0.6325644946041596
2023-01-03 19:26:09.874406,series_7,6.69503060858026,0.6030749638497558
2023-01-16 11:24:15.420821,series_7,5.183892863740002,0.6942573541414796
2023-02-16 17:38:46.283949,series_7,8.164618707831613,0.8612490950704075
2023-03-02 21:41:01.340046,series_7,0.08094930240604592,0.4502629572018588
2023-01-20 21:46:49.421386,series_7,8.294313855915572,0.8381254177381916
2023-04-09 05:31:58.032000,series_7,4.474527992432446,0.6075930357535899
2023-03-19 06:47:17.007356,series_7,1.953863027760535,0.8791487765371029
2023-01-26 12:28:18.344962,series_7,0.59071427477147,0.7469577493624497
2023-01-04 18:46:59.313930,series_7,3.705319140371668,0.7515341277780209
2023-01-01 15:35:27.738779,series_7,6.430150895344497,0.4419367965845563
2023-01-12 12:58:22.159955,series_7,0.7739401526048006,0.6912558746196684
2023-01-15 01:20:59.842009,series_7,4.433658417921768,0.7311068842451245
2023-01-20 21:01:25.913352,series_7,8.557841622294411,0.8020245396714873
2023-02-19 18:07:03.341569,series_7,3.3522523202782217,0.8190511733679113
2023-01-17 15:43:38.537948,series_7,8.471554311440793,0.603055675018091
2023-03-22 21:57:32.716454,series_7,5.082430837427429,0.4958501964319845
2023-03-09 07:11:19.785596,series_7,1.408592795863468,0.6787969230804165
2023-02-05 16:09:22.080550,series_7,8.324021917476315,0.4197861606116506
2023-02-16 06:40:52.828914,series_7,6.024115115186963,0.5649590935416926
2023-02-01 09:55:14.963855,series_7,0.34393523379102064,0.7122311506615475
2023-01-05 01:34:45.916352,series_7,4.317025578968926,0.8929394737365258
2023-03-21 07:22:35.141833,series_7,8.142762792327666,0.507919914234472
2023-03-02 14:53:53.607291,series_7,8.384689536239092,0.8812318729145612
2023-03-14 03:33:07.200837,series_7,9.510130662310665,0.9148721025270986
2023-04-11 08:48:16.308455,series_7,8.079804390435113,0.40518861952945046
2023-01-17 02:06:20.062485,series_7,8.028986039058296,0.6701904541561468
2023-03-05 19:37:28.334494,series_7,8.634085743388013,0.5523129838346612
2023-03-24 02:54:32.727273,series_11,9.910752788265015,0.0
2023-03-23 20:27:36.066269,series_7,9.771810238522114,0.4591541588244343
2023-02-18 20:33:52.377216,series_7,6.23007764061187,0.5753946938440592
2023-03-18 12:45:54.551606,series_7,5.011027366544694,0.6807590852157261
2023-01-12 00:53:24.585501,series_7,7.937631507653007,0.9442409406916714
2023-01-08 21:19:34.573690,series_7,4.216104155497713,0.5901484652113363
2023-03-29 15:30:36.300272,series_7,7.816956437380279,0.4100843961679733
2023-04-09 20:32:43.387358,series_7,5.117155430074516,0.7739521460797204
2023-01-08 21:59:03.517564,series_7,3.6959486186861956,0.8520747917289291
2023-01-13 12:24:29.175433,series_7,0.06587776192242156,0.8609981449059689
2023-03-22 23:00:00.000000,series_11,5.1769944373252805,0.0
2023-02-19 02:46:28.853030,series_7,5.049478695847878,0.9402972119552387
2023-03-16 09:02:54.992560,series_7,9.197179391728636,0.448264574609226
2023-03-19 18:09:17.092688,series_7,2.890433035345957,0.7301385020820284
2023-03-25 20:32:43.636364,series_11,5.210476190207959,0.0
2023-03-28 20:24:41.821854,series_7,0.48171373883370006,0.4401252472844771
2023-02-28 15:12:28.697374,series_7,4.246160169819181,0.81948819192875
2023-04-10 18:29:10.740067,series_7,4.91057697237316,0.7821272754326012
2023-02-25 14:45:20.163517,series_7,7.053446031293625,0.41226275533450457
2023-02-02 09:33:49.023730,series_7,0.6091987573135349,0.9125271341374903
2023-02-04 07:21:49.303846,series_7,1.273876529832918,0.538587492808971
2023-02-14 11:19:20.684347,series_7,0.7053210435938284,0.9768224417301765
2023-01-21 21:34:15.376865,series_7,4.477450384219202,0.7343267553733475
2023-03-16 03:10:12.271146,series_7,8.969979750170957,0.4732747367090884
2023-01-29 02:33:22.598589,series_7,3.7493873217468607,0.4703453542135387
2023-01-24 13:58:40.426067,series_7,4.473617902970326,0.5721876202080857
2023-03-04 05:15:52.449456,series_7,3.557745718402722,0.8460245505111679
2023-01-24 06:19:29.190383,series_7,3.8537221200664074,0.6349399483217952
2023-01-02 20:44:33.498025,series_7,1.4966651783923368,0.8404350486026504
2023-02-04 15:47:06.930904,series_7,7.453907634944623,0.620019326472192
2023-03-22 21:43:38.181818,series_11,10.252416265064737,0.0
2023-02-24 16:24:54.701801,series_7,6.498623599358032,0.563078525216482
2023-01-29 03:04:46.549812,series_7,7.404221861565567,0.43711268733016584
2023-02-15 10:08:56.640878,series_7,7.836823461963275,0.9767867219441104
2023-02-22 09:27:41.996713,series_7,8.97853108948675,0.9942068390935317
2023-03-18 00:11:26.872500,series_7,8.811253090695061,0.634380021129495
2023-01-28 20:14:52.899990,series_7,4.7289289961888645,0.8245236829021216
2023-04-06 07:35:06.582281,series_7,1.4227643677531199,0.4770127103972745
2023-04-03 12:10:06.677785,series_7,7.7851752099616,0.9573178703342272
2023-02-11 01:49:26.100789,series_7,5.588266576408534,0.7138279570295452
2023-01-23 15:01:18.192295,series_7,1.5865649237620671,0.9049932975998998
2023-03-26 03:03:07.014211,series_7,2.1039347882115287,0.5773138053844449
2023-02-21 01:20:30.243604,series_7,2.9496440289985912,0.8749369463827804
2023-02-18 22:55:49.661871,series_7,5.678524299168531,0.663039438934981
2023-01-08 20:03:32.485871,series_7,8.985555389417414,0.9753831548579468
2023-01-19 05:43:46.017427,series_7,1.2145218758561482,0.42719752922607224
2023-01-05 23:55:11.853276,series_7,7.387811113229635,0.974773472866541
2023-03-26 09:37:07.339750,series_7,8.647955982217875,0.7207318838058854
2023-03-15 14:32:45.328682,series_7,8.466920007246335,0.8827017898381403
2023-01-26 20:54:30.502740,series_7,4.534373083565125,0.43819568921269325
2023-03-30 17:20:38.515994,series_7,5.833960052133259,0.48623526183860544
2023-01-05 19:24:46.578219,series_7,6.527789326953897,0.4898255999089039
2023-02-28 11:08:42.157518,series_7,9.703469226720536,0.5722050849327456
2023-02-13 08:12:45.388630,series_7,9.837931442688856,0.563309904605437
2023-03-01 16:09:34.745195,series_7,5.247605518330721,0.5718433039000322
2023-01-11 06:34:56.824439,series_7,4.013991869575265,0.6264309735183904
2023-01-07 10:23:44.256316,series_7,4.404311771265021,0.8535025309768247
2023-01-25 18:28:54.288865,series_7,3.9917534447060454,0.49126463338578835
2023-04-06 20:06:50.910136,series_7,0.8033475638200493,0.6214562254916873
2023-02-06 22:38:11.323217,series_7,6.347927142641487,0.8666993490634463
2023-04-04 18:47:32.100201,series_7,3.8271903389917163,0.49721790545841166
2023-01-12 09:57:43.723132,series_7,4.446767789935534,0.88477274073577
2023-03-17 07:45:35.144297,series_7,8.964141146643579,0.9966794472013101
2023-02-28 13:38:44.782541,series_7,3.0211606404338784,0.5828458715503637
2023-04-03 03:14:06.212014,series_7,8.201049960842322,0.5986141665744376
2023-01-24 07:43:57.354743,series_7,9.436358439995727,0.7031908559947233
2023-03-18 23:28:58.324496,series_7,5.0627262558606025,0.9696285213296209
2023-02-01 23:32:57.246968,series_7,5.35405393616423,0.5048253207024795
2023-01-16 07:57:35.236923,series_7,7.16378688986576,0.5225117370948591
2023-02-10 06:26:42.559358,series_7,6.53614907658098,0.42314645190842154
2023-03-27 06:26:14.927825,series_7,4.966661533252377,0.9773526762969287
2023-03-15 23:20:57.416677,series_7,4.287535526825678,0.8418230805485933
2023-01-25 09:44:21.985446,series_7,2.8782641286775523,0.6179498699610986
2023-03-01 20:17:19.438018,series_7,8.531653644715673,0.42321283303707413
2023-03-02 03:12:11.395776,series_7,3.7322309678713195,0.7393109343357831
2023-01-19 13:35:12.209262,series_7,9.506332206467931,0.6125674493683557
2023-01-07 21:11:07.153645,series_7,8.265330723687093,0.793645850675006
2023-01-27 12:51:42.390078,series_7,2.7289895600915273,0.5888717043542617
2023-01-22 15:04:33.658009,series_7,7.286541887881803,0.4052423720850871
2023-03-12 01:22:21.885365,series_7,6.863158476811963,0.7572551155828751
2023-04-03 03:16:19.610940,series_7,2.082289901392409,0.8690423149033082
2023-03-26 19:23:43.680600,series_7,1.8964063386872143,0.5232572418147069
2023-01-16 07:39:17.545555,series_7,3.3043669048976296,0.9008867755005014
2023-03-22 02:41:39.401127,series_7,4.7879948355484085,0.9582202290004994
2023-01-12 07:34:51.455764,series_7,6.140684208862554,0.8549361798469353
2023-02-06 16:17:35.344343,series_7,9.809138423745603,0.9769926578361892
2023-03-23 07:27:16.363636,series_11,10.307001808851506,0.0
2023-03-23 14:09:53.144606,series_7,4.808229220170687,0.8467272506399728
2023-03-16 02:08:26.829076,series_7,5.3096859287983875,0.6703238613312081
2023-03-29 17:43:06.540880,series_7,1.6599941695054943,0.9848307457713846
2023-01-20 06:58:27.993020,series_7,5.216777123004345,0.5159927444944488
2023-03-02 00:24:58.274322,series_7,1.7876665182637952,0.8742567046674674
2023-04-01 08:48:46.535940,series_7,9.75287780838931,0.7384922638028666
2023-02-28 22:25:05.218561,series_7,1.9864556921900767,0.6152668315525844
2023-03-04 22:51:07.440455,series_7,1.5846920659001873,0.7359633126299105
2023-03-30 19:38:40.056949,series_7,6.786027136463733,0.8614894704107511
2023-01-25 06:40:49.396676,series_7,0.8501469502318348,0.6200162094086715
2023-03-22 04:00:00.000000,series_11,3.8045692156370445,0.0
2023-03-28 04:33:57.399100,series_7,7.8789294147526086,0.8987718124198634
2023-01-13 06:10:28.296246,series_7,0.5752089091941404,0.9891176465937955
2023-02-16 23:58:43.532615,series_7,3.8936373287518644,0.7841550715373947
2023-03-07 01:34:54.613647,series_7,6.388804440320076,0.47595727055530546
2023-02-14 08:00:46.104787,series_7,4.1061092163644926,0.9796601952383653
2023-03-10 07:00:36.176468,series_7,5.701835963344999,0.5203091859279303
2023-03-28 16:50:26.237915,series_7,0.6777382681450106,0.5373719319372305
2023-03-10 17:42:55.633435,series_7,9.790182146646359,0.7929145485456901
2023-03-16 13:57:48.077293,series_7,7.250293473309082,0.8319496079262753
2023-02-25 13:29:58.510403,series_7,1.0442228708305756,0.42991322981244073
2023-01-05 08:04:44.266521,series_7,4.197913879198575,0.6328986640331947
2023-03-28 20:22:16.400804,series_7,4.574296254068846,0.9296740678098068
2023-02-10 18:06:54.855847,series_7,4.307794138233781,0.8932160712904881
2023-03-05 17:37:42.438828,series_7,3.657328008763636,0.5578438043283415
2023-03-19 11:21:04.463965,series_7,5.3107786781757005,0.737141623725275
2023-03-18 15:58:42.050323,series_7,5.916620290159111,0.8600926317568678
2023-03-18 07:38:01.075606,series_7,1.3148892202882645,0.4832042558870826
2023-03-24 22:30:16.496158,series_7,2.4380553840779164,0.7705016864549468
2023-01-31 17:25:31.645419,series_7,1.8512934487835353,0.5742458322318147
2023-03-11 05:16:03.974543,series_7,7.130750237408096,0.7346425976609539
2023-02-28 20:48:15.648598,series_7,9.48129211115907,0.9075861755801545
2023-02-10 04:19:30.944614,series_7,8.410579793245155,0.469477609317
2023-03-29 06:10:52.548602,series_7,1.625629839860604,0.8614766851124382
2023-03-24 23:49:15.153764,series_7,8.005545723632878,0.7170721466494296
2023-03-22 02:17:21.460160,series_7,3.2042378889218903,0.476484702738247
2023-02-18 15:06:06.101695,series_7,3.1516176548252823,0.0
2023-02-25 13:41:35.157114,series_7,4.974269777065384,0.9609803861055345
2023-02-14 18:28:03.861810,series_7,5.963623049565582,0.9324874453383616
2023-02-18 18:00:00.000000,series_7,6.555398661198963,0.0
2023-01-06 13:28:01.629396,series_7,8.226513726465864,0.897368526766771
2023-03-25 00:52:59.267120,series_7,1.2110652971466884,0.8178726251646056
2023-03-26 08:11:14.716900,series_7,6.185055788534389,0.70502030292742
2023-01-06 19:48:52.437104,series_7,8.56194236897377,0.9144417610486002
2023-03-29 07:43:55.994208,series_7,9.035930494805873,0.5851369171362621
2023-04-08 08:19:16.508029,series_7,0.2867384410987528,0.6587690170835891
2023-02-20 17:40:40.677966,series_7,0.5882256406960051,0.0
2023-03-12 09:36:19.353655,series_7,7.658394750451654,0.5683714988921744
2023-01-03 03:42:48.296091,series_7,3.139933113947687,0.8368135020671803
2023-01-01 22:08:55.727025,series_7,5.1365015206696585,0.5607306141590284
2023-03-23 06:37:02.170562,series_7,8.638737973240696,0.6034016501009016
2023-03-13 05:24:55.738250,series_7,5.822822301842429,0.7447787425774197
2023-01-26 05:58:35.317601,series_7,7.0473204637165265,0.5884241991304391
2023-02-28 18:21:27.019792,series_7,1.072947271929885,0.5799996496933897
2023-03-17 09:22:59.522010,series_7,9.310218968872341,0.43121343208817897
2023-03-15 15:11:06.321504,series_7,0.6133845736138444,0.4484522322342085
2023-01-31 18:43:04.183897,series_7,4.541756271758337,0.6360854948660958
2023-01-16 13:23:54.351471,series_7,7.519318575998673,0.6504424324686426
2023-04-06 01:02:04.220029,series_7,0.9522577929218479,0.9472888214385153
2023-04-01 06:01:33.286401,series_7,6.673439975066668,0.6987250576228444
2023-01-22 05:32:13.350675,series_7,8.3786625459772,0.9812467078270104
2023-04-06 03:04:57.346495,series_7,3.638267647504556,0.6226336462702023
2023-02-18 23:26:55.217307,series_7,9.526530077382366,0.6971937840179578
2023-03-11 21:07:42.155199,series_7,2.3863463313451283,0.58987685381152
2023-03-10 17:24:48.294577,series_7,7.007210876305564,0.7057443130795578
2023-02-27 15:18:37.322458,series_7,3.7491194053878054,0.7137227567868119
2023-03-31 03:18:06.588482,series_7,9.31674693532215,0.6223749627154925
2023-03-26 14:32:25.854787,series_7,2.963474718943263,0.6663648443692125
2023-01-01 22:27:39.070609,series_7,4.475534247570043,0.6147540537883853
2023-01-03 01:08:57.606481,series_7,4.135394224324571,0.5977268340051384
2023-01-28 03:45:23.944987,series_7,6.121498978099248,0.5795135618317734
2023-01-23 10:02:17.392864,series_7,5.312634030666668,0.7069816789377843
2023-03-06 01:26:53.144730,series_7,9.30758131225344,0.750925503406642
2023-01-25 13:20:11.530279,series_7,2.319924796001651,0.6468530665445237
2023-02-25 20:54:24.465282,series_7,0.059496685502317126,0.7658236949393806
2023-01-30 16:27:53.631705,series_7,6.5747389435229735,0.9766637929113556
2023-03-27 03:26:10.687939,series_7,2.1268251789628554,0.9137158826865363
2023-03-13 13:25:16.653744,series_7,0.3051271347051321,0.7966099556547255
2023-01-09 00:55:15.425748,series_7,3.9112710295130526,0.6451965357651938
2023-01-12 13:14:52.644508,series_7,9.387330697939934,0.8375403938304977
2023-01-20 10:05:33.052761,series_7,5.161378665034397,0.8180980274272192
2023-03-21 09:15:19.462434,series_7,8.110551723522072,0.8858256247289517
2023-03-25 06:40:17.583773,series_7,7.479811481730858,0.6506376000003754
2023-02-03 14:33:04.348408,series_7,8.97786092162936,0.7800963588321852
2023-02-27 05:39:08.216458,series_7,5.3517603564875245,0.9029290053818365
2023-03-04 03:14:21.341386,series_7,8.923375230223217,0.9404889332832521
2023-03-31 03:43:12.442867,series_7,3.0017740111732016,0.6554275880015499
2023-02-18 22:26:26.440678,series_7,6.9014041342099,0.0
2023-04-06 13:42:46.058241,series_7,3.5623006137707947,0.873518638069042
2023-03-26 08:02:48.780902,series_7,0.2933881811852601,0.4550711694269587
2023-02-23 22:40:16.392129,series_7,1.9159385124768935,0.5886862343755106
2023-02-08 01:37:03.733334,series_7,0.6855832726203248,0.4442774919963812
2023-03-23 22:26:07.713611,series_7,7.642081527125351,0.8649625245503756
2023-01-26 02:40:14.165188,series_7,3.2305086947973427,0.5713235848690065
2023-02-23 04:25:11.225534,series_7,3.2900427219671746,0.8285675820530076
2023-02-03 00:58:32.220215,series_7,0.42639811421365637,0.6207516370313685
2023-02-19 20:22:46.639072,series_7,6.9768946051802025,0.4584972822612143
2023-01-14 03:57:36.775776,series_7,7.759553263500775,0.8619955790674734
2023-01-16 03:06:32.223429,series_7,1.3394269549582982,0.8023255155217157
2023-02-18 10:00:00.000000,series_7,2.9516167055346867,0.0
2023-03-14 21:19:52.800925,series_7,0.7485272956836198,0.7489294515961245
2023-01-14 04:36:58.357419,series_7,0.33604616323392067,0.9395834163500373
2023-04-10 18:58:55.357069,series_7,3.4953431877310113,0.9758998394305681
2023-03-03 19:43:04.308689,series_7,3.701340342478373,0.7905786601185059
2023-02-18 06:17:39.681524,series_7,9.763034496329126,0.6174138878265124
2023-01-27 13:01:40.588675,series_7,1.5339695540341935,0.9133253283044057
2023-03-01 11:38:45.214821,series_7,5.995344989165911,0.9481737768635595
2023-01-01 03:27:36.431477,series_7,1.7142323137666893,0.69153886502478
2023-04-06 18:53:39.979825,series_7,5.922950068996506,0.4068390372950325
2023-03-02 20:57:52.164735,series_7,1.4145329851990418,0.9067644912164281
2023-02-07 04:40:24.686177,series_7,1.0160985412350476,0.9518936708752032
2023-02-20 12:40:48.511470,series_7,1.001960742797413,0.5815909349164207
2023-03-06 13:05:13.032068,series_7,8.393258415032973,0.6041835021859256
2023-03-24 10:48:08.054477,series_7,6.716722685285948,0.7971313592879837
2023-01-16 18:52:43.005376,series_7,8.952749911474392,0.7973998980949444
2023-02-20 23:49:38.118374,series_7,5.836692156100444,0.5737986772926654
2023-03-22 11:04:44.371335,series_7,3.3401797637235644,0.8044781873380378
2023-04-07 17:46:34.483412,series_7,5.7106906972034785,0.603733669489636
2023-02-04 03:36:02.187946,series_7,0.04509183910539449,0.5026170623334346
2023-01-12 22:00:30.426852,series_7,8.225962956116284,0.7185857516382641
2023-03-04 12:49:04.227610,series_7,1.9421671383094519,0.40764510509173224
2023-03-30 06:40:11.524267,series_7,1.7361616169187988,0.5700469370315616
2023-03-26 01:00:00.000000,series_11,9.616911324110257,0.0
2023-02-19 05:09:40.237167,series_7,0.5470034773375954,0.5056598238103771
2023-03-28 08:55:44.146764,series_7,3.8453584383244035,0.7921983938399362
2023-03-03 21:24:21.364205,series_7,5.6539847412957265,0.5682741754652764
2023-02-21 16:30:25.356737,series_7,6.505314352121872,0.804276654175337
2023-02-22 13:39:48.524436,series_7,6.506461470301622,0.59432152594311
2023-01-06 19:10:08.088157,series_7,7.398690589181948,0.9309297299962055
2023-02-09 06:16:52.411760,series_7,4.1838612761194485,0.8202785974969018
2023-01-03 15:54:41.434454,series_7,4.310590293851886,0.9873956521732783
2023-02-11 19:15:20.085124,series_7,9.354915262565115,0.6063586147133434
2023-03-26 04:00:00.000000,series_11,8.109870731117148,0.0
2023-02-05 12:29:04.579930,series_7,3.1640015823475567,0.4512073428281442
2023-02-22 10:09:53.920317,series_7,9.330282834154474,0.8424580229693999
2023-04-07 17:20:44.726682,series_7,8.831722172131906,0.4793225884626777
2023-03-13 16:39:19.596319,series_7,2.40657234240755,0.8131060628711411
2023-02-18 21:45:08.951434,series_7,6.291870797253722,0.604975988389355
2023-02-17 09:01:33.818044,series_7,9.65701002782825,0.7652257280936914
2023-02-12 17:08:37.830479,series_7,2.077659070623914,0.8429075829290513
2023-02-18 05:37:37.066180,series_7,6.545735161164174,0.5243568300959194
2023-02-04 08:01:47.005052,series_7,5.278873901627456,0.7684585910258619
2023-01-04 12:56:34.758027,series_7,1.5941176373162946,0.8274779248477844
2023-03-31 00:28:10.866489,series_7,8.142845578511809,0.5415333096161374
2023-03-07 13:16:24.609712,series_7,6.763695669375364,0.402893759219456
2023-03-22 10:00:00.000000,series_11,8.892410186524678,0.0
2023-01-12 03:29:55.519627,series_7,7.101396933785178,0.9184961919088453
2023-02-06 09:43:50.720794,series_7,9.74487250391973,0.8039616581017168
2023-01-22 08:24:14.264412,series_7,2.7027528758055452,0.6559138167789548
2023-02-24 19:00:00.000000,series_7,5.531031660535562,0.0
2023-03-28 17:12:29.855925,series_7,0.8024826955797904,0.5521060760863404
2023-01-08 09:37:47.961086,series_7,1.988432788139346,0.7851977853485641
2023-03-13 09:51:05.022219,series_7,7.354904554155157,0.6045788904433657
2023-02-04 16:54:42.148745,series_7,1.9327979384742688,0.5390653802620105
2023-03-23 17:10:54.545455,series_11,9.960024046259207,0.0
2023-03-21 03:47:51.450300,series_7,1.9605564033802136,0.7231473675949163
2023-04-04 04:52:41.893099,series_7,0.6338030826407703,0.586995461136364
2023-02-20 17:01:01.016949,series_7,9.711650149032026,0.0
2023-04-05 08:37:55.135279,series_7,8.853195363443737,0.8162728584789788
2023-01-14 11:18:24.207530,series_7,5.045203946737836,0.4952398277073863
2023-01-07 02:11:17.282604,series_7,0.10837548938638086,0.4607829265429918
2023-03-20 20:55:35.282014,series_7,0.9846608278731162,0.7170482924090691
2023-03-21 14:00:01.342662,series_7,1.211835222055344,0.5461211932351978
2023-01-01 08:44:43.869082,series_7,6.799998451609056,0.5575284112145894
2023-01-10 19:15:41.420719,series_7,2.622115557432619,0.7852155168290323
2023-03-19 07:45:36.105098,series_7,3.9778279011800244,0.5863432666106667
2023-03-30 03:26:42.785929,series_7,3.078175491284909,0.88516153160017
2023-01-12 16:22:47.327805,series_7,5.265330402830882,0.6253641322823523
2023-01-11 03:22:47.349644,series_7,4.351275904828398,0.7601272169432631
2023-02-01 12:08:25.410630,series_7,3.2294841198023896,0.5257062320017365
2023-04-09 10:47:13.195278,series_7,5.6768694707889775,0.6829141813288289
2023-01-30 19:16:22.582980,series_7,3.5179127457499204,0.8981719433992464
2023-03-04 01:23:25.791148,series_7,2.574324998715647,0.9645084694741102
2023-02-24 01:00:00.000000,series_7,2.9695352335540366,0.0
2023-04-06 06:58:00.443078,series_7,4.699852386610436,0.7438492919616158
2023-02-24 21:14:12.935111,series_7,0.5904846318573254,0.4701922735623832
2023-01-23 04:22:48.837524,series_7,0.8646729455570423,0.9045173576818172
2023-02-17 21:54:21.626017,series_7,0.7391027509926795,0.8711913547659567
2023-03-02 16:19:19.749254,series_7,2.461932799526182,0.9472182772259122
2023-03-28 16:51:37.875069,series_7,3.0374083491283175,0.5982438816205103
2023-02-02 15:52:28.128013,series_7,4.625097714951756,0.9566084434245894
2023-03-22 03:00:00.000000,series_11,2.428818930648413,0.0
2023-03-28 02:34:33.323767,series_7,4.370813345358959,0.8064898289339726
2023-02-03 05:07:33.511438,series_7,7.4881725384132904,0.5586718613571251
2023-04-01 00:56:45.605710,series_7,3.1840045473659426,0.9246590452657169
2023-01-19 20:45:30.391874,series_7,7.335320946192899,0.7004352155257061
2023-01-17 19:59:07.976824,series_7,3.5650879752863207,0.4369320704828467
2023-03-10 18:50:29.277098,series_7,3.3312026856530297,0.4814008071710659
2023-04-01 23:51:29.340512,series_7,0.36352995248725484,0.903867638372006
2023-01-18 09:29:12.781844,series_7,0.11935674578077426,0.7805638606901699
2023-03-25 12:49:05.454545,series_11,5.03847506459413,0.0
2023-02-27 20:13:39.667041,series_7,8.376810352937946,0.8280838263376765
2023-03-31 11:07:47.263664,series_7,1.7489247461488266,0.9247276034639003
2023-01-13 05:16:28.289899,series_7,3.576022130775481,0.4757481124081261
2023-02-24 23:00:00.000000,series_7,4.052350829275149,0.0
2023-03-26 13:16:21.818182,series_11,9.669012207975223,0.0
2023-03-23 22:05:57.570513,series_7,3.222741572705803,0.6112818866811708
2023-03-20 08:37:54.912251,series_7,7.80182824128448,0.6315736649333598
2023-03-10 21:28:27.196960,series_7,9.54235995192851,0.7627420092383465
2023-03-27 18:25:05.166054,series_7,9.032244706166372,0.519696109089021
2023-02-28 17:26:53.621600,series_7,7.568651690462753,0.6805806995368628
2023-02-03 09:15:40.365479,series_7,5.313079001536957,0.8985276229145459
2023-01-31 20:24:51.556915,series_7,2.7151190018578433,0.8768448176230292
2023-03-02 23:06:01.641824,series_7,6.57950866367905,0.4237372451051019
2023-03-31 02:18:47.926979,series_7,7.858912660562471,0.6081563859440323
2023-02-21 12:16:21.018377,series_7,6.485916996746118,0.527074469949326
2023-03-03 12:13:08.959843,series_7,5.909522599297395,0.9650765960498354
2023-03-26 07:00:00.000000,series_11,6.826828002396268,0.0
2023-03-09 15:58:59.387723,series_7,4.012398460995518,0.6364545888538797
2023-01-25 11:44:29.968155,series_7,9.243192181500696,0.6837695305444833
2023-03-26 23:49:08.606428,series_7,3.9593528956502455,0.8089695275423152
2023-03-26 09:00:00.000000,series_11,5.856540833496325,0.0
2023-03-22 05:00:00.000000,series_11,4.516411673911039,0.0
2023-02-16 16:45:35.130494,series_7,5.622121252892725,0.9961433670514941
2023-03-25 03:02:56.925190,series_7,6.269754646039014,0.9747228713519742
2023-03-12 01:06:16.730768,series_7,8.999115155144953,0.6448139871542744
2023-01-10 04:36:21.787232,series_7,8.978043928006636,0.974159142550496
2023-03-26 17:11:05.677802,series_7,0.7444106522011817,0.6838003071906104
2023-01-12 05:36:10.375335,series_7,6.464292197480468,0.9016484356769318
2023-01-25 06:21:12.380701,series_7,1.2325659041057657,0.5638217312820337
2023-03-07 00:33:17.453728,series_7,0.26008264563982975,0.9924064886604597
2023-02-18 12:52:23.785343,series_7,4.763265010699545,0.7708880623222901
2023-03-09 23:09:38.598579,series_7,0.21387709111281183,0.7107459391911202
2023-02-18 12:00:00.000000,series_7,4.18753165616897,0.0
2023-02-20 11:21:21.355932,series_7,0.5812579022674519,0.0
2023-03-31 02:19:08.140927,series_7,4.8002735463694055,0.4016780913897904
2023-02-08 20:33:09.429712,series_7,5.263530661080491,0.6866838806287393
2023-03-07 05:30:29.905139,series_7,9.414545466397582,0.6559092633229826
2023-02-24 21:00:00.000000,series_7,4.944337005932206,0.0
2023-02-18 15:00:00.000000,series_7,5.145439151333807,0.0
2023-02-18 19:00:00.000000,series_7,6.786468667805185,0.0
2023-03-30 08:55:29.554787,series_7,3.714869462792368,0.8420144271391887
2023-03-30 16:05:51.207581,series_7,0.16995775584994766,0.8557390397947041
2023-03-24 12:38:10.909091,series_11,9.80554580652556,0.0
2023-02-04 14:37:53.634807,series_7,2.6574905119455936,0.9769167701518169
2023-02-22 02:18:18.305085,series_7,9.277819095086219,0.0
2023-03-25 05:49:05.454545,series_11,1.3412452065871183,0.0
2023-03-16 00:34:43.648409,series_7,6.268798660344682,0.41917924714492083
2023-04-06 00:56:49.630629,series_7,0.7120013566918104,0.5635661207891052
2023-03-29 15:09:55.984338,series_7,7.758491156439883,0.6095683533287822
2023-02-09 14:28:14.723586,series_7,7.955870800529574,0.9861266888742952
2023-01-28 01:12:08.043128,series_7,1.5427479473349182,0.5085314109581386
2023-02-20 00:22:22.372881,series_7,8.962053162009491,0.0
2023-01-03 16:52:37.340202,series_7,7.656244779407561,0.8548605617933436
2023-03-11 23:21:32.659229,series_7,7.3806461751992885,0.4812008311089112
2023-04-01 03:54:23.677591,series_7,6.010021775099115,0.8343455413186898
2023-01-04 15:38:38.349069,series_7,8.594802896881088,0.8746461334624313
2023-03-03 01:17:34.916588,series_7,2.673676175676553,0.9943832425468115
2023-01-16 00:01:01.992525,series_7,5.278895775365664,0.5704233951003319
2023-01-03 06:31:08.739614,series_7,3.134897950418706,0.6284217856752098
2023-04-07 16:15:50.952057,series_7,9.550111949888228,0.8702632447598715
2023-02-15 20:19:57.268845,series_7,3.797933426471287,0.835480690926732
2023-01-19 16:05:17.077141,series_7,4.19810665468076,0.8485213412302091
2023-02-18 21:25:25.423729,series_7,2.4257129440987355,0.0
2023-02-05 14:26:10.832959,series_7,9.965580696361695,0.6342384820477768
2023-02-23 19:54:54.915254,series_7,7.832338166755752,0.0
2023-04-09 07:12:00.293128,series_7,9.19634887415229,0.8878525366174417
2023-04-02 22:34:28.039939,series_7,4.156938977628235,0.9440706959961187
2023-01-07 02:29:57.258557,series_7,8.194520258974071,0.7958966910553507
2023-01-04 11:32:07.065966,series_7,5.624343167192616,0.7394992597905214
2023-03-01 11:04:26.317223,series_7,8.80914179270902,0.6090654646025094
2023-01-18 00:47:55.698828,series_7,6.179033516957716,0.46775145536853924
2023-03-21 23:56:59.068414,series_7,5.772719445872285,0.8831608180747468
2023-02-20 04:26:49.877327,series_7,0.43466678719232377,0.8778387697132451
2023-02-05 11:14:50.556866,series_7,2.7477018025574607,0.6574282884447142
2023-01-13 08:48:23.295105,series_7,5.423530108765839,0.908589242853067
2023-01-23 01:02:58.734132,series_7,9.02301484622494,0.40068834635463535
2023-03-06 18:52:20.922717,series_7,1.5312154140394207,0.9589635479686589
2023-01-05 20:46:21.241972,series_7,7.6183925962804935,0.4458256341159382
2023-02-26 03:12:13.710529,series_7,5.265788993957341,0.9948645923650449
2023-01-09 20:18:10.920353,series_7,8.025562062697382,0.8241013846522967
2023-02-23 17:34:58.863384,series_7,3.3121615196079555,0.7142593046860181
2023-02-26 07:46:38.162730,series_7,2.9389868095293625,0.9507738011457701
2023-01-01 20:56:38.228534,series_7,2.4031582292962916,0.656978654203926
2023-02-09 17:24:32.129427,series_7,2.6133315169341174,0.6203922201011436
2023-01-01 11:06:55.592245,series_7,8.98013979193504,0.46019862869721606
2023-01-12 15:22:08.898232,series_7,2.0063986562510228,0.5124113785248748
2023-03-28 04:59:47.048531,series_7,5.256923035040389,0.9577867752954573
2023-02-20 05:02:02.033898,series_7,1.3372187433427456,0.0
2023-01-29 18:15:39.553316,series_7,7.705396382676413,0.5010728883358677
2023-03-17 04:23:35.248582,series_7,6.407274549393213,0.936993695942636
2023-03-25 15:55:17.477937,series_7,1.7822364863495943,0.9138743751361226
2023-01-26 06:47:46.584773,series_7,9.580162994345354,0.9419759357022246
2023-01-24 10:24:00.622101,series_7,6.1755261009614095,0.8691402956744916
2023-02-02 07:18:13.552963,series_7,4.963886366064537,0.8485923634084592
2023-03-19 16:09:44.047128,series_7,5.177302932515852,0.5908164030901729
2023-02-21 10:06:50.956910,series_7,9.093854093126556,0.4857314589798631
2023-02-18 11:00:00.000000,series_7,3.068151917108691,0.0
2023-02-01 17:45:52.780287,series_7,9.190623792701944,0.43313883909702466
2023-03-25 17:49:05.454545,series_11,10.110568985968717,0.0
2023-01-15 03:16:41.868923,series_7,2.4213515435222757,0.6523008939308363
2023-03-22 18:37:04.695867,series_7,1.768543380776626,0.4579309854026463
2023-03-01 03:18:19.492212,series_7,6.253545795719546,0.7489621393343178
2023-01-26 03:57:36.106767,series_7,5.357504122909743,0.5833514268745267
2023-03-14 13:28:13.017491,series_7,1.7983634263540038,0.9544001111038509
2023-02-23 13:34:34.576271,series_7,2.4335241967069683,0.0
2023-02-20 06:20:29.519729,series_7,9.360430548512026,0.7810419074861771
2023-01-16 11:41:22.750257,series_7,3.7852332714537607,0.9499656383453317
2023-04-07 07:56:36.400614,series_7,2.477911086438688,0.9661664973751961
2023-02-19 16:23:23.389831,series_7,1.359233304207641,0.0
2023-01-28 12:42:02.872778,series_7,5.126071607577092,0.6647796176911076
2023-02-27 00:32:21.213619,series_7,4.820712587587042,0.875492083615915
2023-02-28 03:50:52.090013,series_7,5.2456120308802,0.6188340365765261
2023-03-13 12:30:34.728415,series_7,3.241648882600199,0.4755884945727099
2023-02-28 17:34:50.439198,series_7,7.031732371903879,0.6279210167500522
2023-01-29 23:31:40.456968,series_7,2.741967552389938,0.8667363921867858
2023-01-28 05:50:17.437701,series_7,5.199913443212969,0.5890383910609852
2023-02-11 10:07:53.223527,series_7,8.375499709635218,0.5042974615292779
2023-01-30 07:16:27.416837,series_7,0.1219891630018144,0.7728425693567106
2023-02-02 01:46:50.262702,series_7,1.8230443731167656,0.8050838561552132
2023-01-24 15:29:42.594123,series_7,2.6361026609864915,0.4215781679161137
2023-02-19 07:52:34.607071,series_7,0.3579360843244306,0.8678669642267736
2023-03-02 21:59:01.963769,series_7,8.676108938987635,0.4289466950250987
2023-03-07 19:06:33.716267,series_7,6.334324532947141,0.6145635446416373
2023-03-14 19:38:37.956582,series_7,1.0050604059215906,0.43150417136123975
2023-03-07 20:20:18.591729,series_7,6.252388675719519,0.900015102457426
2023-01-31 04:52:03.978759,series_7,1.5247412905565116,0.7092170099728627
2023-03-19 16:32:04.040696,series_7,5.803815768029051,0.9868789347363083
2023-01-29 12:49:20.811713,series_7,5.353568339678123,0.8297479196535852
2023-01-14 12:09:22.044090,series_7,6.078400038273904,0.48126250820868416
2023-03-24 22:02:20.571080,series_7,9.602536215706838,0.5724475677433761
2023-01-19 21:37:24.878547,series_7,6.42649544838894,0.8993980523902032
2023-03-29 15:30:20.868922,series_7,7.501656026020105,0.5046343412853633
2023-03-30 04:55:59.681459,series_7,3.546550956440159,0.9465136433599921
2023-02-26 06:21:46.948491,series_7,3.1870968932135932,0.5425281440876
2023-01-11 14:51:00.146463,series_7,8.772477851682083,0.7217562691524739
2023-03-19 07:39:27.634459,series_7,8.768269477625498,0.4512395312558531
2023-02-08 06:15:51.674294,series_7,5.596726991231406,0.8458626890725829
2023-02-23 17:15:21.267057,series_7,4.446613388386541,0.9134244160429875
2023-01-29 12:14:32.528002,series_7,6.825199488297439,0.9358212852663352
2023-03-28 02:50:05.424418,series_7,6.78058392427913,0.7293505347407736
2023-01-29 10:40:18.698467,series_7,5.160754238234496,0.6332996122358235
2023-02-28 05:04:37.561494,series_7,5.596589614148208,0.7249533639913327
2023-03-29 11:18:34.437185,series_7,7.001948394464851,0.7376069737204609
2023-01-05 06:56:14.381298,series_7,8.037442296196067,0.9267868907876827
2023-03-20 09:47:53.201121,series_7,3.677922585745166,0.9351734262175648
2023-03-03 01:21:39.784536,series_7,0.5501527143192053,0.8967551904403137
2023-03-15 03:44:40.477598,series_7,5.229384194403485,0.8392899669108955
2023-02-19 11:41:00.235422,series_7,4.902256588056452,0.8482470400309357
2023-01-10 23:37:17.449216,series_7,3.606941154886428,0.5104222801402465
2023-04-09 22:36:59.249286,series_7,3.2190517917198544,0.5868982754679679
2023-02-12 01:44:57.098723,series_7,9.940913064854863,0.6555243091754638
2023-03-05 10:41:43.464224,series_7,1.2259979566961288,0.41367709858973745
2023-01-24 09:43:38.595809,series_7,2.5153152122364384,0.5192811239411311
2023-02-17 07:42:51.648058,series_7,7.185400206438981,0.8618609649512551
2023-02-24 20:00:00.000000,series_7,5.0368055031440075,0.0
2023-01-23 03:51:25.108114,series_7,3.470451140582905,0.7349223636442868
2023-01-25 01:25:03.907950,series_7,1.4690700281594327,0.735924364861208
2023-01-29 02:03:53.366746,series_7,8.476870849263356,0.5702485673073392
2023-03-22 19:27:16.363636,series_11,4.040902838720674,0.0
2023-03-24 16:56:14.947063,series_7,0.41675704281830206,0.8904804407491769
2023-01-13 20:53:45.586172,series_7,9.609226894807556,0.6333164619779472
2023-03-19 18:40:02.293824,series_7,3.252138857935174,0.8952943205673459
2023-04-09 18:35:16.949461,series_7,8.14031683255591,0.4361061989958025
2023-02-23 00:55:55.932203,series_7,1.9697469872665339,0.0
2023-02-20 09:55:23.897218,series_7,9.896606842465587,0.6725668884705721
2023-03-26 00:00:00.000000,series_11,10.117524917060292,0.0
2023-02-27 22:11:07.055291,series_7,6.7175261790929275,0.9391230872801989
2023-02-14 14:54:31.687593,series_7,7.5988731667370555,0.5534437212510226
2023-02-21 10:49:37.144652,series_7,8.907038805248073,0.6093739373748963
2023-04-05 13:30:16.359693,series_7,6.499477875059474,0.6405878248705091
2023-01-15 13:57:40.965709,series_7,3.898364901193422,0.9502192538654018
2023-01-21 06:20:28.301326,series_7,2.407665587294839,0.8151161435453902
2023-03-29 12:40:32.932580,series_7,8.259396120005194,0.5776779426377067
2023-02-24 18:00:00.000000,series_7,5.597651803840813,0.0
2023-03-13 15:57:13.891664,series_7,1.529448378779703,0.6989572563303621
2023-01-04 09:52:12.960612,series_7,7.772908940442762,0.4163730781317991
2023-03-09 12:44:51.876332,series_7,6.035148555582488,0.4008278182802464
2023-03-20 05:54:57.137215,series_7,1.9844852145140435,0.6000021142015061
2023-03-23 13:57:53.540185,series_7,7.1935433358030645,0.45680596762039594
2023-01-03 20:08:25.313854,series_7,6.6378935991683825,0.5487599233206015
2023-03-31 16:20:39.653392,series_7,0.7761609999316588,0.498506148687635
2023-01-03 16:32:56.020358,series_7,6.683475701081695,0.7747359124073012
2023-01-29 16:32:15.346573,series_7,1.000879924385426,0.6903680479476251
2023-03-31 18:38:17.563845,series_7,4.770018844237778,0.41031097577611725
2023-03-02 23:52:23.438672,series_7,6.437323587968729,0.9597041221384973
2023-02-20 19:53:56.591143,series_7,0.8144075107151794,0.6381232977563918
2023-03-20 15:05:17.475706,series_7,3.002616181937352,0.8898367979612092
2023-01-06 10:00:26.469702,series_7,6.484437918732237,0.7557930519997181
2023-02-27 19:57:08.207545,series_7,6.963604283585967,0.7947675202037889
2023-01-10 08:54:09.118415,series_7,7.222719583704741,0.7336957713194383
2023-02-12 14:17:45.122412,series_7,3.3148350095164067,0.8084477669283596
2023-03-26 03:00:00.000000,series_11,8.226139182836528,0.0
2023-03-08 01:30:26.725520,series_7,4.358009733124452,0.9516179066365652
2023-04-04 01:55:17.448921,series_7,2.7622377554689903,0.46350381863972545
2023-01-18 01:03:57.542344,series_7,9.665769617447609,0.7059070547452684
2023-02-18 13:00:00.000000,series_7,4.251110872655593,0.0
2023-02-05 18:55:48.112711,series_7,3.1123224808770233,0.5186081642724656
2023-02-20 12:16:02.889006,series_7,0.3738075942664332,0.7114003290023592
2023-04-05 11:54:12.680682,series_7,3.7441129874058507,0.8206684427623634
2023-02-06 10:19:23.368563,series_7,7.5693809785116795,0.5718699641299588
2023-01-22 21:02:28.400217,series_7,0.3702956242945332,0.7224067783217877
2023-02-16 15:46:14.402386,series_7,0.7106818499784806,0.580077870695848
2023-04-01 17:27:19.969350,series_7,3.4057067248807282,0.7036446586017756
2023-02-01 09:43:13.922861,series_7,8.620052845133015,0.8951315523450585
2023-01-09 15:07:34.138616,series_7,0.9346196411277563,0.6182559091691665
2023-01-10 18:33:31.301202,series_7,3.118614106576154,0.4741029747931224
2023-03-27 10:33:51.051551,series_7,7.302936164000418,0.41178369191180925
2023-02-13 04:22:41.775382,series_7,9.891942741831873,0.9711453132272728
2023-01-30 19:18:57.447178,series_7,4.740225358516211,0.8668290715891487
